# SQL ç»ƒä¹ é¢˜

> <strong style="color:red">è¯·åœ¨ç»ƒä¹ å‰æ‰§è¡Œå¯¹åº”çš„ğŸ‘‰[å»ºè¡¨è¯­å¥](/codes/sql/exercise/sql_exer_tables.md)ğŸ‘ˆ</strong>

## 1ã€å–å¾—æ¯ä¸ªéƒ¨é—¨æœ€é«˜è–ªæ°´çš„äººå‘˜åç§°

Step1: å–å¾—æ¯ä¸ªéƒ¨é—¨æœ€é«˜è–ªæ°´ï¼ˆæŒ‰ç…§éƒ¨é—¨ç¼–å·åˆ†ç»„ï¼Œæ‰¾å‡ºæ¯ä¸€ç»„çš„æœ€å¤§å€¼ï¼‰

```sql
select deptno, max(sal) as maxSal from emp group by deptno;
```

```sh
mysql> select deptno, max(sal) as maxSal from emp group by deptno;
+--------+---------+
| deptno | maxSal  |
+--------+---------+
|     20 | 3000.00 |
|     30 | 2850.00 |
|     10 | 5000.00 |
+--------+---------+
3 rows in set (0.00 sec)
```

Step2: å°†Step1æŸ¥è¯¢ç»“æœå½“åšä¸€å¼ ä¸´æ—¶è¡¨t

tè¡¨å’Œempè¡¨è”åˆæŸ¥è¯¢ï¼Œæ¡ä»¶ï¼š`t.deptno=emp.deptno and t.maxSal=emp.sal`

```sql
select e.ename, t.*
from emp e
    join (
        select
            deptno,
            max(sal) as maxSal
        from emp
        group by
            deptno
    ) t on t.deptno = e.deptno
    and t.maxSal = e.sal;
```

```sh
mysql> select e.ename, t.*
    -> from emp e
    -> join (select deptno, max(sal) as maxSal from emp group by deptno) t
    -> on t.maxSal = e.sal and t.deptno = e.deptno;
+-------+--------+---------+
| ename | deptno | maxSal  |
+-------+--------+---------+
| BLAKE |     30 | 2850.00 |
| SCOTT |     20 | 3000.00 |
| KING  |     10 | 5000.00 |
| FORD  |     20 | 3000.00 |
+-------+--------+---------+
4 rows in set (0.00 sec)
```

## 2ã€å“ªäº›äººçš„è–ªæ°´åœ¨éƒ¨é—¨çš„å¹³å‡è–ªæ°´ä¹‹ä¸Š
Step1: æ‰¾å‡ºæ¯ä¸ªéƒ¨åˆ†çš„å¹³å‡è–ªæ°´
```sql
select deptno, avg(sal) as avgSal from emp group by deptno;
```

```sh
mysql> select deptno, avg(sal) as avgSal from emp group by deptno;
+--------+-------------+
| deptno | avgSal      |
+--------+-------------+
|     20 | 2175.000000 |
|     30 | 1566.666667 |
|     10 | 2916.666667 |
+--------+-------------+
3 rows in set (0.00 sec)
```

Step2: å°†Step1çš„æŸ¥è¯¢ç»“æœå½“åšä¸€å¼ ä¸´æ—¶è¡¨t

tè¡¨å’Œempè¡¨è”åˆæŸ¥è¯¢ï¼Œæ¡ä»¶ï¼š`t.deptno=emp.deptno and t.avgSal < emp.sal`

```sql
select t.*, e.ename, e.sal
from emp e
    join (
        select
            deptno,
            avg(sal) as avgSal
        from emp
        group by
            deptno
    ) t on e.deptno = t.deptno
    and e.sal > t.avgSal;
```

```sh
mysql> select t.*, e.ename, e.sal
    -> from emp e
    -> join (select deptno, avg(sal) as avgSal from emp group by deptno) t
    -> on t.deptno = e.deptno and e.sal > t.avgSal;
+--------+-------------+-------+---------+
| deptno | avgSal      | ename | sal     |
+--------+-------------+-------+---------+
|     30 | 1566.666667 | ALLEN | 1600.00 |
|     20 | 2175.000000 | JONES | 2975.00 |
|     30 | 1566.666667 | BLAKE | 2850.00 |
|     20 | 2175.000000 | SCOTT | 3000.00 |
|     10 | 2916.666667 | KING  | 5000.00 |
|     20 | 2175.000000 | FORD  | 3000.00 |
+--------+-------------+-------+---------+
6 rows in set (0.00 sec)
```

## 3ã€å–å¾—éƒ¨é—¨ä¸­ï¼ˆæ‰€æœ‰äººçš„ï¼‰å¹³å‡çš„è–ªæ°´ç­‰çº§
> ### è¾¨æ
> - å¹³å‡çš„è–ªæ°´ç­‰çº§ï¼šå…ˆè®¡ç®—æ¯ä¸€ä¸ªè–ªæ°´çš„ç­‰çº§ï¼Œç„¶åæ‰¾å‡ºè–ªæ°´ç­‰çº§çš„å¹³å‡å€¼
> - å¹³å‡è–ªæ°´çš„ç­‰çº§ï¼šå…ˆè®¡ç®—å¹³å‡è–ªæ°´ï¼Œç„¶åæ‰¾å‡ºæ¯ä¸ªå¹³å‡è–ªæ°´çš„ç­‰çº§å€¼

Step1: æ‰¾å‡ºæ¯ä¸ªäººçš„è–ªæ°´ç­‰çº§

empè¡¨å’Œsalgradeè¡¨è”åˆæŸ¥è¯¢ï¼Œæ¡ä»¶ï¼š`e.sal between s.losal and s.hisal`

```sql
select
    e.ename,
    e.sal,
    e.deptno,
    s.grade
from emp e
    join salgrade s on e.sal between s.losal and s.hisal;
```

```sh
mysql> select e.ename, e.sal, e.deptno, s.grade
    -> from emp e
    -> join salgrade s
    -> on e.sal between s.losal and s.hisal;
+--------+---------+--------+-------+
| ename  | sal     | deptno | grade |
+--------+---------+--------+-------+
| SMITH  |  800.00 |     20 |     1 |
| ALLEN  | 1600.00 |     30 |     3 |
| WARD   | 1250.00 |     30 |     2 |
| JONES  | 2975.00 |     20 |     4 |
| MARTIN | 1250.00 |     30 |     2 |
| BLAKE  | 2850.00 |     30 |     4 |
| CLARK  | 2450.00 |     10 |     4 |
| SCOTT  | 3000.00 |     20 |     4 |
| KING   | 5000.00 |     10 |     5 |
| TURNER | 1500.00 |     30 |     3 |
| ADAMS  | 1100.00 |     20 |     1 |
| JAMES  |  950.00 |     30 |     1 |
| FORD   | 3000.00 |     20 |     4 |
| MILLER | 1300.00 |     10 |     2 |
+--------+---------+--------+-------+
14 rows in set (0.00 sec)
```

Step2: åŸºäºStep1æŸ¥è¯¢çš„ç»“æœæŒ‰ç…§deptnoåˆ†ç»„ï¼Œæ±‚å–gradeçš„å¹³å‡å€¼

```sql
select e.deptno, avg(s.grade)
from emp e
    join salgrade s on e.sal between s.losal and s.hisal
group by e.deptno;
```

```sh
mysql> select e.deptno, avg(s.grade)
    -> from emp e
    -> join salgrade s
    -> on e.sal between s.losal and s.hisal
    -> group by deptno;
+--------+--------------+
| deptno | avg(s.grade) |
+--------+--------------+
|     20 |       2.8000 |
|     30 |       2.5000 |
|     10 |       3.6667 |
+--------+--------------+
3 rows in set (0.01 sec)
```

## 4ã€ä¸ä½¿ç”¨å‡½æ•°Maxï¼Œå–å¾—æœ€é«˜è–ªæ°´
### æ–¹æ¡ˆä¸€ï¼š æŒ‰ç…§salé™åºï¼Œlimit 1
```sql
select ename, sal from emp order by sal desc limit 1;
```

```sh
mysql> select ename, sal from emp order by sal desc limit 1;
+-------+---------+
| ename | sal     |
+-------+---------+
| KING  | 5000.00 |
+-------+---------+
1 row in set (0.00 sec)
```

### æ–¹æ¡ˆäºŒï¼šè¡¨çš„è‡ªè¿æ¥

```sql
select ename, sal
from emp
where sal not in(
        select distinct a.sal
        from emp a
            join emp b on a.sal < b.sal
    );
```

å­æŸ¥è¯¢ä½¿ç”¨äº†è”ç»“ï¼ˆJOINï¼‰æ“ä½œï¼Œå°†empè¡¨è‡ªèº«è¿æ¥ä¸¤æ¬¡ï¼ˆa å’Œ bï¼‰ï¼Œå¹¶æ‰¾å‡ºaè¡¨ä¸­è–ªèµ„æ¯”bè¡¨ä¸­è–ªèµ„ä½çš„è®°å½•ã€‚ç„¶åï¼Œä½¿ç”¨ DISTINCTå…³é”®å­—å»é‡ï¼Œä»¥é¿å…åœ¨ä¸»æŸ¥è¯¢ä¸­å‡ºç°é‡å¤çš„ä½è–ªæ•°æ®é›†åˆã€‚ä¸»æŸ¥è¯¢ä» emp è¡¨ä¸­æ‰¾å‡ºæ‰€æœ‰ä¸åœ¨è¿™ä¸ªå­æŸ¥è¯¢ç»“æœé›†åˆä¸­çš„è–ªèµ„å€¼ï¼Œä¹Ÿå°±æ˜¯æ‰€æœ‰è–ªèµ„æ°´å¹³å¤„äºé«˜ä½så‘˜å·¥è–ªèµ„æ•°æ®ã€‚


```sh
mysql> select ename, sal 
    -> from emp 
    -> where sal not in (
    -> 	select distinct a.sal from emp a join emp b on a.sal < b.sal
    -> );
+-------+---------+
| ename | sal     |
+-------+---------+
| KING  | 5000.00 |
+-------+---------+
1 row in set (0.01 sec)
```

## 5ã€å–å¾—å¹³å‡è–ªæ°´æœ€é«˜çš„éƒ¨é—¨çš„éƒ¨é—¨ç¼–å·

### æ–¹æ¡ˆä¸€ï¼šæŒ‰ç…§å¹³å‡è–ªæ°´é™åºå–ç¬¬ä¸€ä¸ª
Step1: æ‰¾å‡ºæ¯ä¸ªéƒ¨é—¨çš„å¹³å‡è–ªæ°´

```sql
select deptno, avg(sal) as avgSal from emp group by deptno;
```

```sh
mysql> select deptno, avg(sal) as avgSal from emp group by deptno;
+--------+-------------+
| deptno | avgSal      |
+--------+-------------+
|     20 | 2175.000000 |
|     30 | 1566.666667 |
|     10 | 2916.666667 |
+--------+-------------+
3 rows in set (0.00 sec)
```

Step2: é™åºå–ç¬¬ä¸€ä¸ª

```sql
select
    deptno,
    avg(sal) as avgSal
from emp
group by deptno
order by avgSal
limit 1;
```

```sh
mysql> select deptno, avg(sal) as avgSal from emp group by deptno order by avgSal desc limit 1;
+--------+-------------+
| deptno | avgsal      |
+--------+-------------+
|     10 | 2916.666667 |
+--------+-------------+
1 row in set (0.00 sec)
```

### æ–¹æ¡ˆäºŒï¼šmax
Step1: æ‰¾å‡ºæ¯ä¸ªéƒ¨é—¨çš„å¹³å‡è–ªæ°´

```sql
select deptno, avg(sal) as avgSal from emp group by deptno;
```

```sh
mysql> select deptno, avg(sal) as avgSal from emp group by deptno;
+--------+-------------+
| deptno | avgSal      |
+--------+-------------+
|     20 | 2175.000000 |
|     30 | 1566.666667 |
|     10 | 2916.666667 |
+--------+-------------+
3 rows in set (0.00 sec)
```

Step2: æ‰¾å‡ºStep1æŸ¥è¯¢ç»“æœavgSalæœ€å¤§çš„å€¼

```sql
select max(t.avgSal)
from (
        select
            deptno,
            avg(sal) as avgSal
        from emp
        group by deptno
    ) t;
```

```sh
mysql> select max(t.avgSal) from (select deptno, avg(sal) as avgSal from emp group by deptno) t;
+---------------+
| max(t.avgSal) |
+---------------+
|   2916.666667 |
+---------------+
1 row in set (0.00 sec)
```

Step3: æŒ‰ç…§deptnoåˆ†ç»„ï¼Œæ‰¾å‡ºä¸Step2æŸ¥è¯¢ç»“æœåŒ¹é…çš„æœ€å¤§å¹³å‡è–ªæ°´

```sql
select
    deptno,
    avg(sal) as avgSal
from emp
group by deptno
having avgSal = (
        select max(t.avgSal)
        from (
                select avg(sal) as avgSal
                from emp
                group by deptno
            ) t
    );
```

```sh
mysql> select deptno, avg(sal) as avgSal
    -> from emp 
    -> group by deptno 
    -> having avgSal = (select max(t.avgSal) from (select deptno, avg(sal) as avgSal from emp group by deptno) t);
+--------+-------------+
| deptno | avgSal      |
+--------+-------------+
|     10 | 2916.666667 |
+--------+-------------+
1 row in set (0.00 sec)
```

## 6ã€å–å¾—å¹³å‡è–ªæ°´æœ€é«˜çš„éƒ¨é—¨çš„éƒ¨é—¨åç§°

deptè¡¨å’Œempè¡¨è”åˆæŸ¥è¯¢ï¼Œæ¡ä»¶ï¼š`e.deptno = d.deptno`ï¼Œæ ¹æ®éƒ¨é—¨åç§°åˆ†ç»„ï¼ŒæŒ‰ç…§å¹³å‡è–ªæ°´é™åºæ’åºå–ç¬¬ä¸€ä¸ª

```sql
select
    d.dname,
    avg(e.sal) as avgsal
from dept d
    join emp e on e.deptno = d.deptno
group by d.dname
order by avgsal desc
limit 1;
```

```sh
mysql> select d.dname, avg(e.sal) as avgSal
    -> from dept d
    -> join emp e
    -> on e.deptno = d.deptno 
    -> group by d.dname
    -> order by avgSal desc
    -> limit 1;
+------------+-------------+
| dname      | avgSal      |
+------------+-------------+
| ACCOUNTING | 2916.666667 |
+------------+-------------+
1 row in set (0.00 sec)
```

## 7ã€æ±‚å¹³å‡è–ªæ°´çš„ç­‰çº§æœ€ä½çš„éƒ¨é—¨çš„éƒ¨é—¨åç§°

> è–ªæ°´ç­‰çº§ï¼š
> - 1: 700 ~ 1200
> - 2: 1201 ~ 1400
> - 3: 1401 ~ 2000
> - 4: 2001 ~ 3000
> - 5: 3001 ~ 9999

Step1: æ‰¾å‡ºæ¯ä¸ªéƒ¨é—¨çš„å¹³å‡è–ªæ°´

```sql
select deptno, avg(sal) as avgSal from emp group by deptno;
```

```sh
mysql> select deptno, avg(sal) as avgSal from emp group by deptno;
+--------+-------------+
| deptno | avgSal      |
+--------+-------------+
|     20 | 2175.000000 |
|     30 | 1566.666667 |
|     10 | 2916.666667 |
+--------+-------------+
3 rows in set (0.00 sec)
```

Step2: æ‰¾å‡ºæ¯ä¸ªéƒ¨é—¨å¹³å‡è–ªæ°´çš„ç­‰çº§

å°†Stpe1çš„æŸ¥è¯¢ç»“æœtä¸`salgrade`è¡¨è”æŸ¥ï¼Œæ¡ä»¶ï¼š`t.avgSal between s.losal and s.hisal`ï¼Œç„¶åæŒ‰ç…§è–ªæ°´ç­‰çº§å‡åºæ’åºå–ç¬¬ä¸€ä¸ª

```sql
select t.*, s.grade
from (
        select
            d.dname,
            avg(sal) as avgsal
        from emp e
            join dept d on e.deptno = d.deptno
        group by d.dname
    ) t
    join salgrade s on t.avgsal between s.losal and s.hisal
order by s.grade
limit 1;
```

```sh
mysql> select t.*, s.grade
    -> from (select d.dname, avg(e.sal) as avgSal from emp e join dept d on e.deptno = d.deptno group by d.dname) t
    -> join salgrade s
    -> on t.avgSal between s.losal and s.hisal
	-> order by s.grade
	-> limit 1;
+-------+-------------+-------+
| dname | avgSal      | grade |
+-------+-------------+-------+
| SALES | 1566.666667 |     3 |
+-------+-------------+-------+
1 row in set (0.00 sec)
```

> æˆ–è€…
>
> ```sql
> select t.*, s.grade
> from (
>         select
>             d.dname,
>             avg(sal) as avgsal
>         from emp e
>             join dept d on e.deptno = d.deptno
>         group by d.dname
>     ) t
>     join salgrade s on t.avgsal between s.losal and s.hisal
> where s.grade = (
>         select grade
>         from salgrade
>         where (
>                 select avg(sal) as avgsal
>                 from emp
>                 group by deptno
>                 order by avgsal asc
>                 limit 1
>             ) between losal and hisal
>     );
> ```

> ### æ€è€ƒï¼šæœ€ä½ç­‰çº§æ€ä¹ˆçœ‹ï¼Ÿ
>
> å¹³å‡è–ªæ°´æœ€ä½çš„å¯¹åº”çš„ç­‰çº§ä¸€å®šæœ€ä½
>
> ```sql
> select avg(sal) as avgsal
> from emp
> group by deptno
> order by avgsal
> limit 1;
> ```
> 
>   ```sh
> mysql> select avg(sal) as avgsal from emp group by deptno order by avgsal asc limit 1;
>   +-------------+
> | avgsal      |
>+-------------+
> | 1566.666667 |
> +-------------+
> 1 row in set (0.00 sec)
> ```
> 
> 
> 
> ```sql
> select grade
>from salgrade
> where (
>        select avg(sal) as avgsal
>         from emp
>         group by deptno
>         order by avgsal asc
>         limit 1
>       ) between losal and hisal;
>   ```
>   
>   ```sh
>   mysql> select grade from salgrade where (select avg(sal) as avgsal from emp group by deptno order by avgsal asc limit 1) between losal and hisal;
> +-------+
> | grade |
>+-------+
> |     3 |
> +-------+
> 1 row in set (0.00 sec)
> ```


## 8ã€å–å¾—æ¯”æ™®é€šå‘˜å·¥(å‘˜å·¥ä»£ç æ²¡æœ‰åœ¨ mgr å­—æ®µä¸Šå‡ºç°çš„) çš„æœ€é«˜è–ªæ°´è¿˜è¦é«˜çš„é¢†å¯¼äººå§“å

> ```sh
> mysql> select distinct(mgr) from emp where mgr is not null;
> +------+
> | mgr  |
> +------+
> | 7902 |
> | 7698 |
> | 7839 |
> | 7566 |
> | 7788 |
> | 7782 |
> +------+
> 6 rows in set (0.00 sec)
> ``` 
> å‘˜å·¥ç¼–å·æ²¡æœ‰ä»¥ä¸ŠèŒƒå›´å‡ºç°çš„éƒ½æ˜¯æ™®é€šå‘˜å·¥
>

Step1: æ‰¾å‡ºæ™®é€šå‘˜å·¥çš„æœ€é«˜è–ªæ°´

ğŸ“¢æ³¨æ„ï¼šnot inåœ¨ä½¿ç”¨çš„æ—¶å€™ï¼Œåé¢çš„èŒƒå›´ä¸€å®šè¦æ’é™¤null

```sql
select max(sal) as maxSal
from emp
where empno not in (
        select distinct(mgr)
        from emp
        where mgr is not null
    );
```


```sh
mysql> select max(sal) as maxSal from emp where empno not in (select distinct(mgr) from emp where mgr is not null);
+---------+
| maxSal  |
+---------+
| 1600.00 |
+---------+
1 row in set (0.00 sec)
```

Step2: æ‰¾å‡ºå·¥èµ„é«˜äºStep1æŸ¥å‡ºçš„maxSal

```sql
select ename, sal
from emp
where sal > (
        select max(sal) as maxSal
        from emp
        where empno not in (
                select distinct(mgr)
                from emp
                where mgr is not null
            )
    );
```

```sh
mysql> select ename, sal from emp where sal > (select max(sal) as maxSal from emp where empno not in (select distinct(mgr) from emp where mgr is not null));
+-------+---------+
| ename | sal     |
+-------+---------+
| JONES | 2975.00 |
| BLAKE | 2850.00 |
| CLARK | 2450.00 |
| SCOTT | 3000.00 |
| KING  | 5000.00 |
| FORD  | 3000.00 |
+-------+---------+
6 rows in set (0.00 sec)
```

## 9ã€å–å¾—è–ªæ°´æœ€é«˜çš„å‰äº”åå‘˜å·¥

```sql
select ename, sal from emp order by sal desc limit 5;
```

```sh
mysql> select ename, sal from emp order by sal desc limit 5;
+-------+---------+
| ename | sal     |
+-------+---------+
| KING  | 5000.00 |
| SCOTT | 3000.00 |
| FORD  | 3000.00 |
| JONES | 2975.00 |
| BLAKE | 2850.00 |
+-------+---------+
5 rows in set (0.00 sec)
```


## 10ã€å–å¾—è–ªæ°´æœ€é«˜çš„ç¬¬å…­åˆ°ç¬¬ååå‘˜å·¥

```sql
select ename, sal from emp order by sal desc limit 5, 5;
```

```sh
mysql> select ename, sal from emp order by sal desc limit 5, 5;
+--------+---------+
| ename  | sal     |
+--------+---------+
| CLARK  | 2450.00 |
| ALLEN  | 1600.00 |
| TURNER | 1500.00 |
| MILLER | 1300.00 |
| WARD   | 1250.00 |
+--------+---------+
5 rows in set (0.00 sec)
```

## 11ã€æ‰¾å‡ºæœ€åå…¥èŒçš„5åå‘˜å·¥

æ—¥æœŸå¯ä»¥å‡åºä¹Ÿå¯ä»¥é™åº

```sql
select ename, hiredate from emp order by hiredate desc limit 5;
```


```sh
mysql> select ename, hiredate from emp order by hiredate desc limit 5;
+--------+------------+
| ename  | hiredate   |
+--------+------------+
| ADAMS  | 1987-05-23 |
| SCOTT  | 1987-04-19 |
| MILLER | 1982-01-23 |
| FORD   | 1981-12-03 |
| JAMES  | 1981-12-03 |
+--------+------------+
5 rows in set (0.00 sec)
```

## 12ã€å–å¾—æ¯ä¸ªè–ªæ°´ç­‰çº§æœ‰å¤šå°‘å‘˜å·¥

Step1: æ‰¾å‡ºæ¯ä¸ªå‘˜å·¥çš„è–ªæ°´ç­‰çº§

```sql
select e.ename, e.sal, s.grade
from emp e
    join salgrade s on e.sal between s.losal and s.hisal;
```

```sh
mysql> select e.ename, e.sal, s.grade 
    -> from emp e
    -> join salgrade s
    -> on e.sal between s.losal and s.hisal;
+--------+---------+-------+
| ename  | sal     | grade |
+--------+---------+-------+
| SMITH  |  800.00 |     1 |
| ALLEN  | 1600.00 |     3 |
| WARD   | 1250.00 |     2 |
| JONES  | 2975.00 |     4 |
| MARTIN | 1250.00 |     2 |
| BLAKE  | 2850.00 |     4 |
| CLARK  | 2450.00 |     4 |
| SCOTT  | 3000.00 |     4 |
| KING   | 5000.00 |     5 |
| TURNER | 1500.00 |     3 |
| ADAMS  | 1100.00 |     1 |
| JAMES  |  950.00 |     1 |
| FORD   | 3000.00 |     4 |
| MILLER | 1300.00 |     2 |
+--------+---------+-------+
14 rows in set (0.00 sec)
```

Step2: æŒ‰ç…§è–ªæ°´ç­‰çº§åˆ†ç»„ç»Ÿè®¡

```sql
select s.grade, count(1)
from emp e
    join salgrade s on e.sal between s.losal and s.hisal
group by s.grade;
```

```sh
mysql> select s.grade, count(1) 
    -> from emp e
    -> join salgrade s
    -> on e.sal between s.losal and s.hisal
    -> group by s.grade;
+-------+----------+
| grade | count(1) |
+-------+----------+
|     1 |        3 |
|     3 |        2 |
|     2 |        3 |
|     4 |        5 |
|     5 |        1 |
+-------+----------+
5 rows in set (0.00 sec)
```

## 13ã€åˆ—å‡ºæ‰€æœ‰å‘˜å·¥åŠé¢†å¯¼çš„å§“å

```sql
select
    a.ename 'å‘˜å·¥',
    b.ename 'é¢†å¯¼'
from emp a
    left join emp b on a.mgr = b.empno;
```

è¿™é‡Œä½¿ç”¨`left join`æ˜¯ä¸ºäº†ä¿è¯å‘˜å·¥æ˜¯éƒ½è¢«æŸ¥è¯¢åˆ°çš„ï¼Œå› ä¸ºæœ€é¡¶çº§çš„é¢†å¯¼æ˜¯æ²¡æœ‰é¢†å¯¼çš„ï¼Œå…·ä½“çš„å¯ä»¥è§‚å¯Ÿä¸‹é¢æŸ¥è¯¢ç»“æœ
`| KING   | NULL   |`

```sh
mysql> select a.ename 'å‘˜å·¥', b.ename 'é¢†å¯¼'
    -> from emp a
    -> left join emp b
    -> on a.mgr = b.empno;
+--------+--------+
| å‘˜å·¥   | é¢†å¯¼   |
+--------+--------+
| SMITH  | FORD   |
| ALLEN  | BLAKE  |
| WARD   | BLAKE  |
| JONES  | KING   |
| MARTIN | BLAKE  |
| BLAKE  | KING   |
| CLARK  | KING   |
| SCOTT  | JONES  |
| KING   | NULL   |
| TURNER | BLAKE  |
| ADAMS  | SCOTT  |
| JAMES  | BLAKE  |
| FORD   | JONES  |
| MILLER | CLARK  |
+--------+--------+
14 rows in set (0.00 sec)
```

## 14ã€åˆ—å‡ºå—é›‡æ—¥æœŸæ—©äºå…¶ç›´æ¥ä¸Šçº§çš„æ‰€æœ‰å‘˜å·¥çš„ç¼–å·ã€å§“åã€éƒ¨é—¨åç§°

empè¡¨è‡ªè¿æ¥æŸ¥è¯¢ï¼Œemp a => å‘˜å·¥è¡¨ï¼Œ emp b => é¢†å¯¼è¡¨

æ¡ä»¶ï¼š`a.mgr = b.empno and a.hiredate < b.hiredate`

empè¡¨å’Œdeptè¡¨è”åˆæŸ¥è¯¢ï¼Œæ¡ä»¶ï¼š`emp.deptno = dept.deptno`

```sql
select
    a.ename 'å‘˜å·¥',
    a.hiredate,
    b.ename 'é¢†å¯¼',
    b.hiredate,
    d.dname
from emp a
    join emp b on a.mgr = b.empno and a.hiredate < b.hiredate
    join dept d on a.deptno = d.deptno;
```

```sh
mysql> select a.ename 'å‘˜å·¥', a.hiredate, b.ename 'é¢†å¯¼', b.hiredate, d.dname
    -> from emp a 
    -> join emp b
    -> on a.mgr = b.empno and a.hiredate < b.hiredate
    -> join dept d
    -> on a.deptno = d.deptno;
+--------+------------+--------+------------+------------+
| å‘˜å·¥   | hiredate   | é¢†å¯¼   | hiredate   | dname      |
+--------+------------+--------+------------+------------+
| SMITH  | 1980-12-17 | FORD   | 1981-12-03 | RESEARCH   |
| ALLEN  | 1981-02-20 | BLAKE  | 1981-05-01 | SALES      |
| WARD   | 1981-02-22 | BLAKE  | 1981-05-01 | SALES      |
| JONES  | 1981-04-02 | KING   | 1981-11-17 | RESEARCH   |
| BLAKE  | 1981-05-01 | KING   | 1981-11-17 | SALES      |
| CLARK  | 1981-06-09 | KING   | 1981-11-17 | ACCOUNTING |
+--------+------------+--------+------------+------------+
6 rows in set (0.00 sec)
```

## 15ã€åˆ—å‡ºéƒ¨é—¨åç§°å’Œè¿™äº›éƒ¨é—¨çš„å‘˜å·¥ä¿¡æ¯, åŒæ—¶åˆ—å‡ºé‚£äº›æ²¡æœ‰å‘˜å·¥çš„éƒ¨é—¨

éƒ¨é—¨è¡¨deptè¦å…¨éƒ¨æŸ¥è¯¢åˆ°

```sql
select e.*, d.dname
from emp e
    right join dept d on e.deptno = d.deptno;
```

```sh
mysql> select e.*, d.dname
    -> from emp e
    -> right join dept d
    -> on e.deptno = d.deptno;
+-------+--------+-----------+------+------------+---------+---------+--------+------------+
| EMPNO | ENAME  | JOB       | MGR  | HIREDATE   | SAL     | COMM    | DEPTNO | dname      |
+-------+--------+-----------+------+------------+---------+---------+--------+------------+
|  7934 | MILLER | CLERK     | 7782 | 1982-01-23 | 1300.00 |    NULL |     10 | ACCOUNTING |
|  7839 | KING   | PRESIDENT | NULL | 1981-11-17 | 5000.00 |    NULL |     10 | ACCOUNTING |
|  7782 | CLARK  | MANAGER   | 7839 | 1981-06-09 | 2450.00 |    NULL |     10 | ACCOUNTING |
|  7902 | FORD   | ANALYST   | 7566 | 1981-12-03 | 3000.00 |    NULL |     20 | RESEARCH   |
|  7876 | ADAMS  | CLERK     | 7788 | 1987-05-23 | 1100.00 |    NULL |     20 | RESEARCH   |
|  7788 | SCOTT  | ANALYST   | 7566 | 1987-04-19 | 3000.00 |    NULL |     20 | RESEARCH   |
|  7566 | JONES  | MANAGER   | 7839 | 1981-04-02 | 2975.00 |    NULL |     20 | RESEARCH   |
|  7369 | SMITH  | CLERK     | 7902 | 1980-12-17 |  800.00 |    NULL |     20 | RESEARCH   |
|  7900 | JAMES  | CLERK     | 7698 | 1981-12-03 |  950.00 |    NULL |     30 | SALES      |
|  7844 | TURNER | SALESMAN  | 7698 | 1981-09-08 | 1500.00 |    0.00 |     30 | SALES      |
|  7698 | BLAKE  | MANAGER   | 7839 | 1981-05-01 | 2850.00 |    NULL |     30 | SALES      |
|  7654 | MARTIN | SALESMAN  | 7698 | 1981-09-28 | 1250.00 | 1400.00 |     30 | SALES      |
|  7521 | WARD   | SALESMAN  | 7698 | 1981-02-22 | 1250.00 |  500.00 |     30 | SALES      |
|  7499 | ALLEN  | SALESMAN  | 7698 | 1981-02-20 | 1600.00 |  300.00 |     30 | SALES      |
|  NULL | NULL   | NULL      | NULL | NULL       |    NULL |    NULL |   NULL | OPERATIONS |
+-------+--------+-----------+------+------------+---------+---------+--------+------------+
15 rows in set (0.00 sec)
```


## 16ã€åˆ—å‡ºè‡³å°‘æœ‰ 5 ä¸ªå‘˜å·¥çš„æ‰€æœ‰éƒ¨é—¨

æŒ‰ç…§éƒ¨é—¨ç¼–å·åˆ†ç»„ã€è®¡æ•°ï¼Œç­›é€‰

```sql
select
    d.deptno,
    d.dname,
    count(*) as 'num'
from emp e
    join dept d on e.deptno = d.deptno
group by deptno
having num >= 5;
```

```sh
mysql> select d.deptno, d.dname, count(*) as 'num'
    -> from emp e 
    -> join dept d
    -> on e.deptno = d.deptno 
    -> group by deptno 
    -> having num >= 5;
+--------+----------+-----+
| deptno | dname    | num |
+--------+----------+-----+
|     20 | RESEARCH |   5 |
|     30 | SALES    |   6 |
+--------+----------+-----+
2 rows in set (0.00 sec)
```

## 17ã€åˆ—å‡ºè–ªé‡‘æ¯”"SMITH" å¤šçš„æ‰€æœ‰å‘˜å·¥ä¿¡æ¯

å­æŸ¥è¯¢ï¼Œå…ˆæŸ¥å‡ºSMITHçš„è–ªé‡‘

```sql
select empno, ename, sal
from emp
where sal > (
        select sal
        from emp
        where ename = 'SMITH'
    );
```

```sh
mysql> select empno, ename, sal
    -> from emp 
    -> where sal > (select sal from emp where ename = 'SMITH');
+-------+--------+---------+
| empno | ename  | sal     |
+-------+--------+---------+
|  7499 | ALLEN  | 1600.00 |
|  7521 | WARD   | 1250.00 |
|  7566 | JONES  | 2975.00 |
|  7654 | MARTIN | 1250.00 |
|  7698 | BLAKE  | 2850.00 |
|  7782 | CLARK  | 2450.00 |
|  7788 | SCOTT  | 3000.00 |
|  7839 | KING   | 5000.00 |
|  7844 | TURNER | 1500.00 |
|  7876 | ADAMS  | 1100.00 |
|  7900 | JAMES  |  950.00 |
|  7902 | FORD   | 3000.00 |
|  7934 | MILLER | 1300.00 |
+-------+--------+---------+
13 rows in set (0.00 sec)
```

## 18ã€åˆ—å‡ºæ‰€æœ‰"CLERK"(åŠäº‹å‘˜) çš„å§“ååŠå…¶éƒ¨é—¨åç§°, éƒ¨é—¨çš„äººæ•°

Step1: æ‰¾å‡ºæ‰€æœ‰åŠäº‹å‘˜çš„å§“ååŠå…¶éƒ¨é—¨åç§°

```sql
select
    e.ename,
    e.job,
    d.deptno,
    d.dname
from emp e
    join dept d on e.deptno = d.deptno
where e.job = 'CLERK';
```

```sh
mysql> select e.ename, e.job, d.deptno, d.dname
    -> from emp e
    -> join dept d
    -> on e.deptno = d.deptno
    -> where e.job = 'CLERK';
+--------+-------+--------+------------+
| ename  | job   | deptno | dname      |
+--------+-------+--------+------------+
| SMITH  | CLERK |     20 | RESEARCH   |
| ADAMS  | CLERK |     20 | RESEARCH   |
| JAMES  | CLERK |     30 | SALES      |
| MILLER | CLERK |     10 | ACCOUNTING |
+--------+-------+--------+------------+
4 rows in set (0.00 sec)
```

Step2: æŸ¥è¯¢éƒ¨é—¨äººæ•°
```sql
select t1.*, t2.deptcount
from (
        select
            e.ename,
            e.job,
            d.deptno,
            d.dname
        from emp e
            join dept d on e.deptno = d.deptno
        where e.job = 'CLERK'
    ) t1
    join (
        select
            deptno,
            count(1) as deptcount
        from emp
        group by
            deptno
    ) t2 on t1.deptno = t2.deptno;
```

```sh
mysql> select t1.*, t2.deptcount
    -> from (select e.ename, e.job, d.deptno, d.dname from emp e join dept d on e.deptno = d.deptno where e.job = 'CLERK') t1
    -> join (select deptno, count(1) as deptcount from emp group by deptno) t2
    -> on t1.deptno = t2.deptno;
+--------+-------+--------+------------+-----------+
| ename  | job   | deptno | dname      | deptcount |
+--------+-------+--------+------------+-----------+
| SMITH  | CLERK |     20 | RESEARCH   |         5 |
| ADAMS  | CLERK |     20 | RESEARCH   |         5 |
| JAMES  | CLERK |     30 | SALES      |         6 |
| MILLER | CLERK |     10 | ACCOUNTING |         3 |
+--------+-------+--------+------------+-----------+
4 rows in set (0.00 sec)
```

## 19ã€åˆ—å‡ºæœ€ä½è–ªé‡‘å¤§äº 1500 çš„å„ç§å·¥ä½œåŠä»äº‹æ­¤å·¥ä½œçš„å…¨éƒ¨é›‡å‘˜äººæ•°

æŒ‰ç…§å·¥ä½œå²—ä½åˆ†ç»„æ±‚æœ€å°å€¼

```sql

```

```sh
mysql> select job, count(1) from emp group by job having min(sal) > 1500;
+-----------+----------+
| job       | count(1) |
+-----------+----------+
| MANAGER   |        3 |
| ANALYST   |        2 |
| PRESIDENT |        1 |
+-----------+----------+
3 rows in set (0.00 sec)
```

## 20ã€åˆ—å‡ºåœ¨éƒ¨é—¨"SALES"<é”€å”®éƒ¨> å·¥ä½œçš„å‘˜å·¥çš„å§“å, å‡å®šä¸çŸ¥é“é”€å”®éƒ¨çš„éƒ¨é—¨ç¼–å·

```sql
select ename
from emp
where deptno = (
        select deptno
        from dept
        where dname = 'SALES'
    );
```

```sh
mysql> select ename 
    -> from emp 
    -> where deptno = (select deptno from dept where dname = 'SALES');
+--------+
| ename  |
+--------+
| ALLEN  |
| WARD   |
| MARTIN |
| BLAKE  |
| TURNER |
| JAMES  |
+--------+
6 rows in set (0.00 sec)
```

## 21ã€åˆ—å‡ºè–ªé‡‘é«˜äºå…¬å¸å¹³å‡è–ªé‡‘çš„æ‰€æœ‰å‘˜å·¥, æ‰€åœ¨éƒ¨é—¨, ä¸Šçº§é¢†å¯¼, é›‡å‘˜çš„å·¥èµ„ç­‰çº§

```sql
select
    e.ename 'å‘˜å·¥',
    d.dname,
    l.ename 'é¢†å¯¼',
    s.grade
from emp e
    join dept d on e.deptno = d.deptno
    left join emp l on e.mgr = l.empno
    join salgrade s on e.sal between s.losal and s.hisal
where e.sal > (
        select avg(sal)
        from emp
    );
```

```sh
mysql> select e.ename 'å‘˜å·¥',d.dname,l.ename 'é¢†å¯¼',s.grade
    -> from emp e
    -> join dept d
    -> on e.deptno = d.deptno
    -> left join emp l
    -> on e.mgr = l.empno 
    -> join salgrade s
    -> on e.sal between s.losal and s.hisal
    -> where e.sal > (select avg(sal) from emp);
+--------+------------+--------+-------+
| å‘˜å·¥   | dname      | é¢†å¯¼   | grade |
+--------+------------+--------+-------+
| FORD   | RESEARCH   | JONES  |     4 |
| SCOTT  | RESEARCH   | JONES  |     4 |
| CLARK  | ACCOUNTING | KING   |     4 |
| BLAKE  | SALES      | KING   |     4 |
| JONES  | RESEARCH   | KING   |     4 |
| KING   | ACCOUNTING | NULL   |     5 |
+--------+------------+--------+-------+
6 rows in set (0.01 sec)
```

## 22ã€åˆ—å‡ºä¸"SCOTT"ä»äº‹ç›¸åŒå·¥ä½œçš„æ‰€æœ‰å‘˜å·¥åŠéƒ¨é—¨åç§°

```sql
select
    e.ename,
    e.job,
    d.dname
from emp e
    join dept d on e.deptno = d.deptno
where e.job = (
        select job
        from emp
        where
            ename = 'SCOTT'
    )
    and e.ename <> 'SCOTT';
```

```sh
mysql> select e.ename, e.job, d.dname
    -> from emp e
    -> join dept d
    -> on e.deptno = d.deptno 
    -> where e.job = (select job from emp where ename = 'SCOTT')
    -> and e.ename <> 'SCOTT';
+-------+---------+----------+
| ename | job     | dname    |
+-------+---------+----------+
| FORD  | ANALYST | RESEARCH |
+-------+---------+----------+
1 row in set (0.00 sec)
```


## 23ã€åˆ—å‡ºè–ªé‡‘ç­‰äºéƒ¨é—¨ç¼–å·ä¸º30ä¸­å‘˜å·¥çš„è–ªé‡‘çš„å…¶ä»–å‘˜å·¥çš„å§“åå’Œè–ªé‡‘

```sql
select ename, sal
from emp
where sal in (
        select distinct(sal)
        from emp
        where deptno = 30
    ) and deptno <> 30;
```

```sh
mysql> select ename, sal 
    -> from emp 
    -> where sal in (select distinct(sal) from emp where deptno = 30)
    -> and deptno <> 30;
Empty set (0.00 sec)
```

## 24ã€åˆ—å‡ºè–ªé‡‘é«˜äºåœ¨éƒ¨é—¨ç¼–å·ä¸º30çš„å·¥ä½œçš„æ‰€æœ‰å‘˜å·¥çš„è–ªé‡‘çš„å‘˜å·¥å§“åå’Œè–ªé‡‘ï¼Œéƒ¨é—¨åç§°

```sql
select
    e.ename,
    e.sal,
    d.dname
from emp e
    join dept d on e.deptno = d.deptno
where e.sal > (
        select max(sal)
        from emp
        where deptno = 30
    );
```

```sh
mysql> select e.ename,e.sal,d.dname
    -> from emp e
    -> join dept d
    -> on e.deptno = d.deptno
    -> where e.sal > (select max(sal) from emp where deptno = 30);
+-------+---------+------------+
| ename | sal     | dname      |
+-------+---------+------------+
| JONES | 2975.00 | RESEARCH   |
| SCOTT | 3000.00 | RESEARCH   |
| KING  | 5000.00 | ACCOUNTING |
| FORD  | 3000.00 | RESEARCH   |
+-------+---------+------------+
4 rows in set (0.01 sec)
```