# SQL ç»ƒä¹ é¢˜

> è¯·åœ¨ç»ƒä¹ å‰æ‰§è¡Œå¯¹åº”çš„[å»ºè¡¨è¯­å¥](./codes/sql/exercise/tables)

## 1ã€å–å¾—æ¯ä¸ªéƒ¨é—¨æœ€é«˜è–ªæ°´çš„äººå‘˜åç§°

Step1: å–å¾—æ¯ä¸ªéƒ¨é—¨æœ€é«˜è–ªæ°´ï¼ˆæŒ‰ç…§éƒ¨é—¨ç¼–å·åˆ†ç»„ï¼Œæ‰¾å‡ºæ¯ä¸€ç»„çš„æœ€å¤§å€¼ï¼‰

```sql
select deptno, max(sal) as maxSal from emp group by deptno;
```

```sh
mysql> select deptno, max(sal) as maxSal from emp group by deptno;
+--------+---------+
| deptno | maxSal  |
+--------+---------+
|     20 | 3000.00 |
|     30 | 2850.00 |
|     10 | 5000.00 |
+--------+---------+
3 rows in set (0.00 sec)
```

Step2: å°†Step1æŸ¥è¯¢ç»“æœå½“åšä¸€å¼ ä¸´æ—¶è¡¨t

tè¡¨å’Œempè¡¨è”åˆæŸ¥è¯¢ï¼Œæ¡ä»¶ï¼š`t.deptno=emp.deptno and t.maxSal=emp.sal`

```sql
select e.ename, t.*
from emp e
    join (
        select
            deptno,
            max(sal) as maxSal
        from emp
        group by
            deptno
    ) t on t.deptno = e.deptno
    and t.maxSal = e.sal;
```

```sh
mysql> select e.ename, t.*
    -> from emp e
    -> join (select deptno, max(sal) as maxSal from emp group by deptno) t
    -> on t.maxSal = e.sal and t.deptno = e.deptno;
+-------+--------+---------+
| ename | deptno | maxSal  |
+-------+--------+---------+
| BLAKE |     30 | 2850.00 |
| SCOTT |     20 | 3000.00 |
| KING  |     10 | 5000.00 |
| FORD  |     20 | 3000.00 |
+-------+--------+---------+
4 rows in set (0.00 sec)
```

## 2ã€å“ªäº›äººçš„è–ªæ°´åœ¨éƒ¨é—¨çš„å¹³å‡è–ªæ°´ä¹‹ä¸Š
Step1: æ‰¾å‡ºæ¯ä¸ªéƒ¨åˆ†çš„å¹³å‡è–ªæ°´
```sql
select deptno, avg(sal) as avgSal from emp group by deptno;
```

```sh
mysql> select deptno, avg(sal) as avgSal from emp group by deptno;
+--------+-------------+
| deptno | avgSal      |
+--------+-------------+
|     20 | 2175.000000 |
|     30 | 1566.666667 |
|     10 | 2916.666667 |
+--------+-------------+
3 rows in set (0.00 sec)
```

Step2: å°†Step1çš„æŸ¥è¯¢ç»“æœå½“åšä¸€å¼ ä¸´æ—¶è¡¨t

tè¡¨å’Œempè¡¨è”åˆæŸ¥è¯¢ï¼Œæ¡ä»¶ï¼š`t.deptno=emp.deptno and t.avgSal < emp.sal`

```sql
select t.*, e.ename, e.sal
from emp e
    join (
        select
            deptno,
            avg(sal) as avgSal
        from emp
        group by
            deptno
    ) t on e.deptno = t.deptno
    and e.sal > t.avgSal;
```

```sh
mysql> select t.*, e.ename, e.sal
    -> from emp e
    -> join (select deptno, avg(sal) as avgSal from emp group by deptno) t
    -> on t.deptno = e.deptno and e.sal > t.avgSal;
+--------+-------------+-------+---------+
| deptno | avgSal      | ename | sal     |
+--------+-------------+-------+---------+
|     30 | 1566.666667 | ALLEN | 1600.00 |
|     20 | 2175.000000 | JONES | 2975.00 |
|     30 | 1566.666667 | BLAKE | 2850.00 |
|     20 | 2175.000000 | SCOTT | 3000.00 |
|     10 | 2916.666667 | KING  | 5000.00 |
|     20 | 2175.000000 | FORD  | 3000.00 |
+--------+-------------+-------+---------+
6 rows in set (0.00 sec)
```

## 3ã€å–å¾—éƒ¨é—¨ä¸­ï¼ˆæ‰€æœ‰äººçš„ï¼‰å¹³å‡çš„è–ªæ°´ç­‰çº§
> ### è¾¨æ
> - å¹³å‡çš„è–ªæ°´ç­‰çº§ï¼šå…ˆè®¡ç®—æ¯ä¸€ä¸ªè–ªæ°´çš„ç­‰çº§ï¼Œç„¶åæ‰¾å‡ºè–ªæ°´ç­‰çº§çš„å¹³å‡å€¼
> - å¹³å‡è–ªæ°´çš„ç­‰çº§ï¼šå…ˆè®¡ç®—å¹³å‡è–ªæ°´ï¼Œç„¶åæ‰¾å‡ºæ¯ä¸ªå¹³å‡è–ªæ°´çš„ç­‰çº§å€¼

Step1: æ‰¾å‡ºæ¯ä¸ªäººçš„è–ªæ°´ç­‰çº§

empè¡¨å’Œsalgradeè¡¨è”åˆæŸ¥è¯¢ï¼Œæ¡ä»¶ï¼š`e.sal between s.losal and s.hisal`

```sql
select
    e.ename,
    e.sal,
    e.deptno,
    s.grade
from emp e
    join salgrade s on e.sal between s.losal and s.hisal;
```

```sh
mysql> select e.ename, e.sal, e.deptno, s.grade
    -> from emp e
    -> join salgrade s
    -> on e.sal between s.losal and s.hisal;
+--------+---------+--------+-------+
| ename  | sal     | deptno | grade |
+--------+---------+--------+-------+
| SMITH  |  800.00 |     20 |     1 |
| ALLEN  | 1600.00 |     30 |     3 |
| WARD   | 1250.00 |     30 |     2 |
| JONES  | 2975.00 |     20 |     4 |
| MARTIN | 1250.00 |     30 |     2 |
| BLAKE  | 2850.00 |     30 |     4 |
| CLARK  | 2450.00 |     10 |     4 |
| SCOTT  | 3000.00 |     20 |     4 |
| KING   | 5000.00 |     10 |     5 |
| TURNER | 1500.00 |     30 |     3 |
| ADAMS  | 1100.00 |     20 |     1 |
| JAMES  |  950.00 |     30 |     1 |
| FORD   | 3000.00 |     20 |     4 |
| MILLER | 1300.00 |     10 |     2 |
+--------+---------+--------+-------+
14 rows in set (0.00 sec)
```

Step2: åŸºäºStep1æŸ¥è¯¢çš„ç»“æœæŒ‰ç…§deptnoåˆ†ç»„ï¼Œæ±‚å–gradeçš„å¹³å‡å€¼

```sql
select e.deptno, avg(s.grade)
from emp e
    join salgrade s on e.sal between s.losal and s.hisal
group by e.deptno;
```

```sh
mysql> select e.deptno, avg(s.grade)
    -> from emp e
    -> join salgrade s
    -> on e.sal between s.losal and s.hisal
    -> group by deptno;
+--------+--------------+
| deptno | avg(s.grade) |
+--------+--------------+
|     20 |       2.8000 |
|     30 |       2.5000 |
|     10 |       3.6667 |
+--------+--------------+
3 rows in set (0.01 sec)
```

## 4ã€ä¸ä½¿ç”¨å‡½æ•°Maxï¼Œå–å¾—æœ€é«˜è–ªæ°´
### æ–¹æ¡ˆä¸€ï¼š æŒ‰ç…§salé™åºï¼Œlimit 1
```sql
select ename, sal from emp order by sal desc limit 1;
```

```sh
mysql> select ename, sal from emp order by sal desc limit 1;
+-------+---------+
| ename | sal     |
+-------+---------+
| KING  | 5000.00 |
+-------+---------+
1 row in set (0.00 sec)
```

### æ–¹æ¡ˆäºŒï¼šè¡¨çš„è‡ªè¿æ¥

```sql
select ename, sal
from emp
where sal not in(
        select distinct a.sal
        from emp a
            join emp b on a.sal < b.sal
    );
```

å­æŸ¥è¯¢ä½¿ç”¨äº†è”ç»“ï¼ˆJOINï¼‰æ“ä½œï¼Œå°†empè¡¨è‡ªèº«è¿æ¥ä¸¤æ¬¡ï¼ˆa å’Œ bï¼‰ï¼Œå¹¶æ‰¾å‡ºaè¡¨ä¸­è–ªèµ„æ¯”bè¡¨ä¸­è–ªèµ„ä½çš„è®°å½•ã€‚ç„¶åï¼Œä½¿ç”¨ DISTINCTå…³é”®å­—å»é‡ï¼Œä»¥é¿å…åœ¨ä¸»æŸ¥è¯¢ä¸­å‡ºç°é‡å¤çš„ä½è–ªæ•°æ®é›†åˆã€‚ä¸»æŸ¥è¯¢ä» emp è¡¨ä¸­æ‰¾å‡ºæ‰€æœ‰ä¸åœ¨è¿™ä¸ªå­æŸ¥è¯¢ç»“æœé›†åˆä¸­çš„è–ªèµ„å€¼ï¼Œä¹Ÿå°±æ˜¯æ‰€æœ‰è–ªèµ„æ°´å¹³å¤„äºé«˜ä½så‘˜å·¥è–ªèµ„æ•°æ®ã€‚


```sh
mysql> select ename, sal 
    -> from emp 
    -> where sal not in (
    -> 	select distinct a.sal from emp a join emp b on a.sal < b.sal
    -> );
+-------+---------+
| ename | sal     |
+-------+---------+
| KING  | 5000.00 |
+-------+---------+
1 row in set (0.01 sec)
```

## 5ã€å–å¾—å¹³å‡è–ªæ°´æœ€é«˜çš„éƒ¨é—¨çš„éƒ¨é—¨ç¼–å·

### æ–¹æ¡ˆä¸€ï¼šæŒ‰ç…§å¹³å‡è–ªæ°´é™åºå–ç¬¬ä¸€ä¸ª
Step1: æ‰¾å‡ºæ¯ä¸ªéƒ¨é—¨çš„å¹³å‡è–ªæ°´

```sql
select deptno, avg(sal) as avgSal from emp group by deptno;
```

```sh
mysql> select deptno, avg(sal) as avgSal from emp group by deptno;
+--------+-------------+
| deptno | avgSal      |
+--------+-------------+
|     20 | 2175.000000 |
|     30 | 1566.666667 |
|     10 | 2916.666667 |
+--------+-------------+
3 rows in set (0.00 sec)
```

Step2: é™åºå–ç¬¬ä¸€ä¸ª

```sql
select
    deptno,
    avg(sal) as avgSal
from emp
group by deptno
order by avgSal
limit 1;
```

```sh
mysql> select deptno, avg(sal) as avgSal from emp group by deptno order by avgSal desc limit 1;
+--------+-------------+
| deptno | avgsal      |
+--------+-------------+
|     10 | 2916.666667 |
+--------+-------------+
1 row in set (0.00 sec)
```

### æ–¹æ¡ˆäºŒï¼šmax
Step1: æ‰¾å‡ºæ¯ä¸ªéƒ¨é—¨çš„å¹³å‡è–ªæ°´

```sql
select deptno, avg(sal) as avgSal from emp group by deptno;
```

```sh
mysql> select deptno, avg(sal) as avgSal from emp group by deptno;
+--------+-------------+
| deptno | avgSal      |
+--------+-------------+
|     20 | 2175.000000 |
|     30 | 1566.666667 |
|     10 | 2916.666667 |
+--------+-------------+
3 rows in set (0.00 sec)
```

Step2: æ‰¾å‡ºStep1æŸ¥è¯¢ç»“æœavgSalæœ€å¤§çš„å€¼

```sql
select max(t.avgSal)
from (
        select
            deptno,
            avg(sal) as avgSal
        from emp
        group by deptno
    ) t;
```

```sh
mysql> select max(t.avgSal) from (select deptno, avg(sal) as avgSal from emp group by deptno) t;
+---------------+
| max(t.avgSal) |
+---------------+
|   2916.666667 |
+---------------+
1 row in set (0.00 sec)
```

Step3: æŒ‰ç…§deptnoåˆ†ç»„ï¼Œæ‰¾å‡ºä¸Step2æŸ¥è¯¢ç»“æœåŒ¹é…çš„æœ€å¤§å¹³å‡è–ªæ°´

```sql
select
    deptno,
    avg(sal) as avgSal
from emp
group by deptno
having avgSal = (
        select max(t.avgSal)
        from (
                select avg(sal) as avgSal
                from emp
                group by deptno
            ) t
    );
```

```sh
mysql> select deptno, avg(sal) as avgSal
    -> from emp 
    -> group by deptno 
    -> having avgSal = (select max(t.avgSal) from (select deptno, avg(sal) as avgSal from emp group by deptno) t);
+--------+-------------+
| deptno | avgSal      |
+--------+-------------+
|     10 | 2916.666667 |
+--------+-------------+
1 row in set (0.00 sec)
```

## 6ã€å–å¾—å¹³å‡è–ªæ°´æœ€é«˜çš„éƒ¨é—¨çš„éƒ¨é—¨åç§°

deptè¡¨å’Œempè¡¨è”åˆæŸ¥è¯¢ï¼Œæ¡ä»¶ï¼š`e.deptno = d.deptno`ï¼Œæ ¹æ®éƒ¨é—¨åç§°åˆ†ç»„ï¼ŒæŒ‰ç…§å¹³å‡è–ªæ°´é™åºæ’åºå–ç¬¬ä¸€ä¸ª

```sql
select
    d.dname,
    avg(e.sal) as avgsal
from dept d
    join emp e on e.deptno = d.deptno
group by d.dname
order by avgsal desc
limit 1;
```

```sh
mysql> select d.dname, avg(e.sal) as avgSal
    -> from dept d
    -> join emp e
    -> on e.deptno = d.deptno 
    -> group by d.dname
    -> order by avgSal desc
    -> limit 1;
+------------+-------------+
| dname      | avgSal      |
+------------+-------------+
| ACCOUNTING | 2916.666667 |
+------------+-------------+
1 row in set (0.00 sec)
```

## 7ã€æ±‚å¹³å‡è–ªæ°´çš„ç­‰çº§æœ€ä½çš„éƒ¨é—¨çš„éƒ¨é—¨åç§°

> è–ªæ°´ç­‰çº§ï¼š
> - 1: 700 ~ 1200
> - 2: 1201 ~ 1400
> - 3: 1401 ~ 2000
> - 4: 2001 ~ 3000
> - 5: 3001 ~ 9999

Step1: æ‰¾å‡ºæ¯ä¸ªéƒ¨é—¨çš„å¹³å‡è–ªæ°´

```sql
select deptno, avg(sal) as avgSal from emp group by deptno;
```

```sh
mysql> select deptno, avg(sal) as avgSal from emp group by deptno;
+--------+-------------+
| deptno | avgSal      |
+--------+-------------+
|     20 | 2175.000000 |
|     30 | 1566.666667 |
|     10 | 2916.666667 |
+--------+-------------+
3 rows in set (0.00 sec)
```

Step2: æ‰¾å‡ºæ¯ä¸ªéƒ¨é—¨å¹³å‡è–ªæ°´çš„ç­‰çº§

å°†Stpe1çš„æŸ¥è¯¢ç»“æœtä¸`salgrade`è¡¨è”æŸ¥ï¼Œæ¡ä»¶ï¼š`t.avgSal between s.losal and s.hisal`ï¼Œç„¶åæŒ‰ç…§è–ªæ°´ç­‰çº§å‡åºæ’åºå–ç¬¬ä¸€ä¸ª

```sql
select t.*, s.grade
from (
        select
            d.dname,
            avg(sal) as avgsal
        from emp e
            join dept d on e.deptno = d.deptno
        group by d.dname
    ) t
    join salgrade s on t.avgsal between s.losal and s.hisal
order by s.grade
limit 1;
```

```sh
mysql> select t.*, s.grade
    -> from (select d.dname, avg(e.sal) as avgSal from emp e join dept d on e.deptno = d.deptno group by d.dname) t
    -> join salgrade s
    -> on t.avgSal between s.losal and s.hisal
	-> order by s.grade
	-> limit 1;
+-------+-------------+-------+
| dname | avgSal      | grade |
+-------+-------------+-------+
| SALES | 1566.666667 |     3 |
+-------+-------------+-------+
1 row in set (0.00 sec)
```

> æˆ–è€…
>
> ```sql
> select t.*, s.grade
> from (
>         select
>             d.dname,
>             avg(sal) as avgsal
>         from emp e
>             join dept d on e.deptno = d.deptno
>         group by d.dname
>     ) t
>     join salgrade s on t.avgsal between s.losal and s.hisal
> where s.grade = (
>         select grade
>         from salgrade
>         where (
>                 select avg(sal) as avgsal
>                 from emp
>                 group by deptno
>                 order by avgsal asc
>                 limit 1
>             ) between losal and hisal
>     );
> ```

> ### æ€è€ƒï¼šæœ€ä½ç­‰çº§æ€ä¹ˆçœ‹ï¼Ÿ
>
> å¹³å‡è–ªæ°´æœ€ä½çš„å¯¹åº”çš„ç­‰çº§ä¸€å®šæœ€ä½
>
> ```sql
> select avg(sal) as avgsal
> from emp
> group by deptno
> order by avgsal
> limit 1;
> ```
> 
>   ```sh
> mysql> select avg(sal) as avgsal from emp group by deptno order by avgsal asc limit 1;
>   +-------------+
> | avgsal      |
>+-------------+
> | 1566.666667 |
> +-------------+
> 1 row in set (0.00 sec)
> ```
> 
> 
> 
> ```sql
> select grade
>from salgrade
> where (
>        select avg(sal) as avgsal
>         from emp
>         group by deptno
>         order by avgsal asc
>         limit 1
>       ) between losal and hisal;
>   ```
>   
>   ```sh
>   mysql> select grade from salgrade where (select avg(sal) as avgsal from emp group by deptno order by avgsal asc limit 1) between losal and hisal;
> +-------+
> | grade |
>+-------+
> |     3 |
> +-------+
> 1 row in set (0.00 sec)
> ```


## 8ã€å–å¾—æ¯”æ™®é€šå‘˜å·¥(å‘˜å·¥ä»£ç æ²¡æœ‰åœ¨ mgr å­—æ®µä¸Šå‡ºç°çš„) çš„æœ€é«˜è–ªæ°´è¿˜è¦é«˜çš„é¢†å¯¼äººå§“å

> ```sh
> mysql> select distinct(mgr) from emp where mgr is not null;
> +------+
> | mgr  |
> +------+
> | 7902 |
> | 7698 |
> | 7839 |
> | 7566 |
> | 7788 |
> | 7782 |
> +------+
> 6 rows in set (0.00 sec)
> ``` 
> å‘˜å·¥ç¼–å·æ²¡æœ‰ä»¥ä¸ŠèŒƒå›´å‡ºç°çš„éƒ½æ˜¯æ™®é€šå‘˜å·¥
>

Step1: æ‰¾å‡ºæ™®é€šå‘˜å·¥çš„æœ€é«˜è–ªæ°´

ğŸ“¢æ³¨æ„ï¼šnot inåœ¨ä½¿ç”¨çš„æ—¶å€™ï¼Œåé¢çš„èŒƒå›´ä¸€å®šè¦æ’é™¤null

```sql
select max(sal) as maxSal
from emp
where empno not in (
        select distinct(mgr)
        from emp
        where mgr is not null
    );
```


```sh
mysql> select max(sal) as maxSal from emp where empno not in (select distinct(mgr) from emp where mgr is not null);
+---------+
| maxSal  |
+---------+
| 1600.00 |
+---------+
1 row in set (0.00 sec)
```

Step2: æ‰¾å‡ºå·¥èµ„é«˜äºStep1æŸ¥å‡ºçš„maxSal

```sql
select ename, sal
from emp
where sal > (
        select max(sal) as maxSal
        from emp
        where empno not in (
                select distinct(mgr)
                from emp
                where mgr is not null
            )
    );
```

```sh
mysql> select ename, sal from emp where sal > (select max(sal) as maxSal from emp where empno not in (select distinct(mgr) from emp where mgr is not null));
+-------+---------+
| ename | sal     |
+-------+---------+
| JONES | 2975.00 |
| BLAKE | 2850.00 |
| CLARK | 2450.00 |
| SCOTT | 3000.00 |
| KING  | 5000.00 |
| FORD  | 3000.00 |
+-------+---------+
6 rows in set (0.00 sec)
```

## 9ã€å–å¾—è–ªæ°´æœ€é«˜çš„å‰äº”åå‘˜å·¥

```sql
select ename, sal from emp order by sal desc limit 5;
```

```sh
mysql> select ename, sal from emp order by sal desc limit 5;
+-------+---------+
| ename | sal     |
+-------+---------+
| KING  | 5000.00 |
| SCOTT | 3000.00 |
| FORD  | 3000.00 |
| JONES | 2975.00 |
| BLAKE | 2850.00 |
+-------+---------+
5 rows in set (0.00 sec)
```


## 10ã€å–å¾—è–ªæ°´æœ€é«˜çš„ç¬¬å…­åˆ°ç¬¬ååå‘˜å·¥

```sql
select ename, sal from emp order by sal desc limit 5, 5;
```

```sh
mysql> select ename, sal from emp order by sal desc limit 5, 5;
+--------+---------+
| ename  | sal     |
+--------+---------+
| CLARK  | 2450.00 |
| ALLEN  | 1600.00 |
| TURNER | 1500.00 |
| MILLER | 1300.00 |
| WARD   | 1250.00 |
+--------+---------+
5 rows in set (0.00 sec)
```

## 11ã€æ‰¾å‡ºæœ€åå…¥èŒçš„5åå‘˜å·¥

æ—¥æœŸå¯ä»¥å‡åºä¹Ÿå¯ä»¥é™åº

```sql
select ename, hiredate from emp order by hiredate desc limit 5;
```


```sh
mysql> select ename, hiredate from emp order by hiredate desc limit 5;
+--------+------------+
| ename  | hiredate   |
+--------+------------+
| ADAMS  | 1987-05-23 |
| SCOTT  | 1987-04-19 |
| MILLER | 1982-01-23 |
| FORD   | 1981-12-03 |
| JAMES  | 1981-12-03 |
+--------+------------+
5 rows in set (0.00 sec)
```

## 12ã€å–å¾—æ¯ä¸ªè–ªæ°´ç­‰çº§æœ‰å¤šå°‘å‘˜å·¥

Step1: æ‰¾å‡ºæ¯ä¸ªå‘˜å·¥çš„è–ªæ°´ç­‰çº§

```sql
select e.ename, e.sal, s.grade
from emp e
    join salgrade s on e.sal between s.losal and s.hisal;
```

```sh
mysql> select e.ename, e.sal, s.grade 
    -> from emp e
    -> join salgrade s
    -> on e.sal between s.losal and s.hisal;
+--------+---------+-------+
| ename  | sal     | grade |
+--------+---------+-------+
| SMITH  |  800.00 |     1 |
| ALLEN  | 1600.00 |     3 |
| WARD   | 1250.00 |     2 |
| JONES  | 2975.00 |     4 |
| MARTIN | 1250.00 |     2 |
| BLAKE  | 2850.00 |     4 |
| CLARK  | 2450.00 |     4 |
| SCOTT  | 3000.00 |     4 |
| KING   | 5000.00 |     5 |
| TURNER | 1500.00 |     3 |
| ADAMS  | 1100.00 |     1 |
| JAMES  |  950.00 |     1 |
| FORD   | 3000.00 |     4 |
| MILLER | 1300.00 |     2 |
+--------+---------+-------+
14 rows in set (0.00 sec)
```

Step2: æŒ‰ç…§è–ªæ°´ç­‰çº§åˆ†ç»„ç»Ÿè®¡

```sql
select s.grade, count(1)
from emp e
    join salgrade s on e.sal between s.losal and s.hisal
group by s.grade;
```

```sh
mysql> select s.grade, count(1) 
    -> from emp e
    -> join salgrade s
    -> on e.sal between s.losal and s.hisal
    -> group by s.grade;
+-------+----------+
| grade | count(1) |
+-------+----------+
|     1 |        3 |
|     3 |        2 |
|     2 |        3 |
|     4 |        5 |
|     5 |        1 |
+-------+----------+
5 rows in set (0.00 sec)
```

## 13ã€åˆ—å‡ºæ‰€æœ‰å‘˜å·¥åŠé¢†å¯¼çš„å§“å

```sql
select
    a.ename 'å‘˜å·¥',
    b.ename 'é¢†å¯¼'
from emp a
    left join emp b on a.mgr = b.empno;
```

è¿™é‡Œä½¿ç”¨`left join`æ˜¯ä¸ºäº†ä¿è¯å‘˜å·¥æ˜¯éƒ½è¢«æŸ¥è¯¢åˆ°çš„ï¼Œå› ä¸ºæœ€é¡¶çº§çš„é¢†å¯¼æ˜¯æ²¡æœ‰é¢†å¯¼çš„ï¼Œå…·ä½“çš„å¯ä»¥è§‚å¯Ÿä¸‹é¢æŸ¥è¯¢ç»“æœ
`| KING   | NULL   |`

```sh
mysql> select a.ename 'å‘˜å·¥', b.ename 'é¢†å¯¼'
    -> from emp a
    -> left join emp b
    -> on a.mgr = b.empno;
+--------+--------+
| å‘˜å·¥   | é¢†å¯¼   |
+--------+--------+
| SMITH  | FORD   |
| ALLEN  | BLAKE  |
| WARD   | BLAKE  |
| JONES  | KING   |
| MARTIN | BLAKE  |
| BLAKE  | KING   |
| CLARK  | KING   |
| SCOTT  | JONES  |
| KING   | NULL   |
| TURNER | BLAKE  |
| ADAMS  | SCOTT  |
| JAMES  | BLAKE  |
| FORD   | JONES  |
| MILLER | CLARK  |
+--------+--------+
14 rows in set (0.00 sec)
```